{
  "U0001": 3.8333333333333335,
  "U0002": 3.4444444444444446,
  "U0003": 3.75,
  "U0004": 3.5,
  "U0005": 4.5,
  "U0006": 4.0,
  "U0007": 3.789473684210526,
  "U0008": 3.0,
  "U0009": 3.8333333333333335,
  "U0010": 4.3,
  "U0011": 4.375,
  "U0012": 2.7142857142857144,
  "U0013": 3.4,
  "U0014": 3.6666666666666665,
  "U0015": 3.25,
  "U0016": 4.0,
  "U0017": 4.0,
  "U0018": 3.125,
  "U0019": 4.5,
  "U0020": 3.857142857142857,
  "U0021": 2.7142857142857144,
  "U0022": 4.0,
  "U0023": 3.8,
  "U0024": 3.4,
  "U0025": 3.4634146341463414,
  "U0026": 3.763157894736842,
  "U0027": 4.2,
  "U0028": 4.8,
  "U0029": 2.6666666666666665,
  "U0030": 3.1666666666666665,
  "U0031": 3.875,
  "U0032": 4.25,
  "U0033": 4.4,
  "U0034": 4.666666666666667,
  "U0035": 3.3529411764705883,
  "U0036": 4.0,
  "U0037": 4.625,
  "U0038": 3.857142857142857,
  "U0039": 3.0526315789473686,
  "U0040": 3.5,
  "U0041": 4.4375,
  "U0042": 3.4516129032258065,
  "U0043": 4.4,
  "U0044": 3.923076923076923,
  "U0045": 3.9166666666666665,
  "U0046": 3.6,
  "U0047": 1.8333333333333333,
  "U0048": 3.8333333333333335,
  "U0049": 4.0,
  "U0050": 3.096774193548387
}