{
  "U0001": 4.2,
  "U0002": 4.625,
  "U0003": 3.2857142857142856,
  "U0004": 3.361111111111111,
  "U0005": 2.769230769230769,
  "U0006": 3.0,
  "U0007": 3.92,
  "U0008": 4.375,
  "U0009": 4.25,
  "U0010": 4.285714285714286,
  "U0011": 3.5789473684210527,
  "U0012": 4.666666666666667,
  "U0013": 3.1666666666666665,
  "U0014": 4.666666666666667,
  "U0015": 3.88,
  "U0016": 3.0,
  "U0017": 2.6666666666666665,
  "U0018": 4.1,
  "U0019": 3.5555555555555554,
  "U0020": 4.285714285714286,
  "U0021": 4.090909090909091,
  "U0022": 3.25,
  "U0023": 3.5,
  "U0024": 3.0,
  "U0025": 3.6666666666666665,
  "U0026": 4.235294117647059,
  "U0027": 3.6666666666666665,
  "U0028": 3.2,
  "U0029": 3.5,
  "U0030": 3.0,
  "U0031": 3.0,
  "U0032": 4.0,
  "U0033": 3.7142857142857144,
  "U0034": 2.68,
  "U0035": 4.4,
  "U0036": 4.0,
  "U0037": 3.857142857142857,
  "U0038": 4.444444444444445,
  "U0039": 2.730769230769231,
  "U0040": 2.6666666666666665,
  "U0041": 3.823529411764706,
  "U0042": 3.95,
  "U0043": 4.5,
  "U0044": 4.6,
  "U0045": 4.666666666666667,
  "U0046": 4.0,
  "U0047": 4.5,
  "U0048": 4.090909090909091,
  "U0049": 2.75,
  "U0050": 4.642857142857143
}